id,model_id,city,province,region,sales_volume,year,month,created_at
1,1,北京,北京,华北,1332,2026,7,2026-08-30 16:19:31
2,1,杭州,浙江,华东,1553,2026,7,2026-08-30 16:19:31
3,1,重庆,重庆,西南,2958,2026,7,2026-08-30 16:19:31
4,1,成都,四川,西南,2814,2026,7,2026-08-30 16:19:31
5,1,郑州,河南,华中,2290,2026,7,2026-08-30 16:19:31
6,1,宁波,浙江,华东,628,2026,7,2026-08-30 16:19:31
7,1,武汉,湖北,华中,1229,2026,7,2026-08-30 16:19:31
8,1,沈阳,辽宁,东北,1572,2026,7,2026-08-30 16:19:31
9,1,东莞,广东,华南,1983,2026,7,2026-08-30 16:19:31
10,1,天津,天津,华北,1049,2026,7,2026-08-30 16:19:31
11,1,南京,江苏,华东,847,2026,7,2026-08-30 16:19:31
12,2,青岛,山东,华东,100,2026,7,2026-08-30 16:19:31
13,2,天津,天津,华北,2941,2026,7,2026-08-30 16:19:31
14,2,大连,辽宁,东北,1068,2026,7,2026-08-30 16:19:31
15,2,北京,北京,华北,687,2026,7,2026-08-30 16:19:31
16,2,深圳,广东,华南,206,2026,7,2026-08-30 16:19:31
17,2,成都,四川,西南,2183,2026,7,2026-08-30 16:19:31
18,2,郑州,河南,华中,2951,2026,7,2026-08-30 16:19:31
19,2,昆明,云南,西南,2618,2026,7,2026-08-30 16:19:31
20,2,苏州,江苏,华东,453,2026,7,2026-08-30 16:19:31
21,2,沈阳,辽宁,东北,343,2026,7,2026-08-30 16:19:31
22,3,广州,广东,华南,2408,2026,7,2026-08-30 16:19:31
23,3,北京,北京,华北,2380,2026,7,2026-08-30 16:19:31
24,3,天津,天津,华北,1653,2026,7,2026-08-30 16:19:31
25,3,杭州,浙江,华东,2937,2026,7,2026-08-30 16:19:31
26,3,长沙,湖南,华中,1225,2026,7,2026-08-30 16:19:31
27,3,沈阳,辽宁,东北,1992,2026,7,2026-08-30 16:19:31
28,3,武汉,湖北,华中,1535,2026,7,2026-08-30 16:19:31
29,3,西安,陕西,西北,2097,2026,7,2026-08-30 16:19:31
30,3,重庆,重庆,西南,1177,2026,7,2026-08-30 16:19:31
31,3,宁波,浙江,华东,2352,2026,7,2026-08-30 16:19:31
32,3,苏州,江苏,华东,1948,2026,7,2026-08-30 16:19:31
33,4,天津,天津,华北,2629,2026,7,2026-08-30 16:19:31
34,4,郑州,河南,华中,2768,2026,7,2026-08-30 16:19:31
35,4,成都,四川,西南,796,2026,7,2026-08-30 16:19:31
36,4,昆明,云南,西南,109,2026,7,2026-08-30 16:19:31
37,4,北京,北京,华北,2887,2026,7,2026-08-30 16:19:31
38,4,东莞,广东,华南,565,2026,7,2026-08-30 16:19:31
39,4,苏州,江苏,华东,1472,2026,7,2026-08-30 16:19:31
40,4,杭州,浙江,华东,1033,2026,7,2026-08-30 16:19:31
41,4,南京,江苏,华东,1892,2026,7,2026-08-30 16:19:31
42,4,上海,上海,华东,1514,2026,7,2026-08-30 16:19:31
43,4,长沙,湖南,华中,1221,2026,7,2026-08-30 16:19:31
44,4,广州,广东,华南,375,2026,7,2026-08-30 16:19:31
45,5,大连,辽宁,东北,944,2026,7,2026-08-30 16:19:31
46,5,昆明,云南,西南,838,2026,7,2026-08-30 16:19:31
47,5,成都,四川,西南,558,2026,7,2026-08-30 16:19:31
48,5,杭州,浙江,华东,2212,2026,7,2026-08-30 16:19:31
49,5,郑州,河南,华中,2405,2026,7,2026-08-30 16:19:31
50,5,长沙,湖南,华中,2513,2026,7,2026-08-30 16:19:31
51,5,北京,北京,华北,2002,2026,7,2026-08-30 16:19:31
52,5,重庆,重庆,西南,2027,2026,7,2026-08-30 16:19:31
53,5,上海,上海,华东,2211,2026,7,2026-08-30 16:19:31
54,5,宁波,浙江,华东,1843,2026,7,2026-08-30 16:19:31
55,5,东莞,广东,华南,2951,2026,7,2026-08-30 16:19:31
56,5,武汉,湖北,华中,1572,2026,7,2026-08-30 16:19:31
57,6,苏州,江苏,华东,883,2026,7,2026-08-30 16:19:31
58,6,上海,上海,华东,2007,2026,7,2026-08-30 16:19:31
59,6,西安,陕西,西北,2834,2026,7,2026-08-30 16:19:31
60,6,宁波,浙江,华东,1844,2026,7,2026-08-30 16:19:31
61,6,东莞,广东,华南,1241,2026,7,2026-08-30 16:19:31
62,6,深圳,广东,华南,2030,2026,7,2026-08-30 16:19:31
63,6,长沙,湖南,华中,2873,2026,7,2026-08-30 16:19:31
64,6,天津,天津,华北,2112,2026,7,2026-08-30 16:19:31
65,6,南京,江苏,华东,1575,2026,7,2026-08-30 16:19:31
66,6,武汉,湖北,华中,1612,2026,7,2026-08-30 16:19:31
67,6,成都,四川,西南,2353,2026,7,2026-08-30 16:19:31
68,7,广州,广东,华南,174,2026,7,2026-08-30 16:19:31
69,7,成都,四川,西南,2121,2026,7,2026-08-30 16:19:31
70,7,北京,北京,华北,1457,2026,7,2026-08-30 16:19:31
71,7,郑州,河南,华中,169,2026,7,2026-08-30 16:19:31
72,7,东莞,广东,华南,2804,2026,7,2026-08-30 16:19:31
73,7,宁波,浙江,华东,136,2026,7,2026-08-30 16:19:31
74,7,苏州,江苏,华东,604,2026,7,2026-08-30 16:19:31
75,7,长沙,湖南,华中,755,2026,7,2026-08-30 16:19:31
76,7,杭州,浙江,华东,2465,2026,7,2026-08-30 16:19:31
77,7,昆明,云南,西南,431,2026,7,2026-08-30 16:19:31
78,7,大连,辽宁,东北,2980,2026,7,2026-08-30 16:19:31
79,7,青岛,山东,华东,265,2026,7,2026-08-30 16:19:31
80,7,西安,陕西,西北,433,2026,7,2026-08-30 16:19:31
81,8,苏州,江苏,华东,2601,2026,7,2026-08-30 16:19:31
82,8,武汉,湖北,华中,1908,2026,7,2026-08-30 16:19:31
83,8,重庆,重庆,西南,1289,2026,7,2026-08-30 16:19:31
84,8,宁波,浙江,华东,2501,2026,7,2026-08-30 16:19:31
85,8,北京,北京,华北,127,2026,7,2026-08-30 16:19:31
86,8,郑州,河南,华中,2918,2026,7,2026-08-30 16:19:31
87,8,杭州,浙江,华东,1114,2026,7,2026-08-30 16:19:31
88,8,东莞,广东,华南,993,2026,7,2026-08-30 16:19:31
89,8,大连,辽宁,东北,267,2026,7,2026-08-30 16:19:31
90,8,深圳,广东,华南,2047,2026,7,2026-08-30 16:19:31
91,8,成都,四川,西南,1116,2026,7,2026-08-30 16:19:31
92,8,昆明,云南,西南,1426,2026,7,2026-08-30 16:19:31
93,8,沈阳,辽宁,东北,1301,2026,7,2026-08-30 16:19:31
94,8,西安,陕西,西北,1488,2026,7,2026-08-30 16:19:31
95,8,上海,上海,华东,1344,2026,7,2026-08-30 16:19:31
96,9,上海,上海,华东,1470,2026,7,2026-08-30 16:19:31
97,9,成都,四川,西南,367,2026,7,2026-08-30 16:19:31
98,9,宁波,浙江,华东,1153,2026,7,2026-08-30 16:19:31
99,9,广州,广东,华南,2839,2026,7,2026-08-30 16:19:31
100,9,杭州,浙江,华东,2124,2026,7,2026-08-30 16:19:31
101,9,北京,北京,华北,818,2026,7,2026-08-30 16:19:31
102,9,武汉,湖北,华中,2583,2026,7,2026-08-30 16:19:31
103,9,东莞,广东,华南,1062,2026,7,2026-08-30 16:19:31
104,9,沈阳,辽宁,东北,634,2026,7,2026-08-30 16:19:31
105,9,苏州,江苏,华东,2244,2026,7,2026-08-30 16:19:31
106,9,深圳,广东,华南,1334,2026,7,2026-08-30 16:19:31
107,10,北京,北京,华北,1781,2026,7,2026-08-30 16:19:31
108,10,天津,天津,华北,1540,2026,7,2026-08-30 16:19:31
109,10,长沙,湖南,华中,2359,2026,7,2026-08-30 16:19:31
110,10,东莞,广东,华南,2951,2026,7,2026-08-30 16:19:31
111,10,武汉,湖北,华中,1210,2026,7,2026-08-30 16:19:31
112,10,郑州,河南,华中,445,2026,7,2026-08-30 16:19:31
113,10,杭州,浙江,华东,2294,2026,7,2026-08-30 16:19:31
114,10,上海,上海,华东,1185,2026,7,2026-08-30 16:19:31
115,10,广州,广东,华南,2502,2026,7,2026-08-30 16:19:31
116,10,沈阳,辽宁,东北,1246,2026,7,2026-08-30 16:19:31
117,10,成都,四川,西南,2120,2026,7,2026-08-30 16:19:31
118,11,南京,江苏,华东,2849,2026,7,2026-08-30 16:19:31
119,11,郑州,河南,华中,539,2026,7,2026-08-30 16:19:31
120,11,天津,天津,华北,1279,2026,7,2026-08-30 16:19:31
121,11,沈阳,辽宁,东北,1935,2026,7,2026-08-30 16:19:31
122,11,武汉,湖北,华中,2086,2026,7,2026-08-30 16:19:31
123,11,深圳,广东,华南,303,2026,7,2026-08-30 16:19:31
124,11,长沙,湖南,华中,1225,2026,7,2026-08-30 16:19:31
125,11,广州,广东,华南,1084,2026,7,2026-08-30 16:19:31
126,11,宁波,浙江,华东,2729,2026,7,2026-08-30 16:19:31
127,11,苏州,江苏,华东,238,2026,7,2026-08-30 16:19:31
128,11,杭州,浙江,华东,233,2026,7,2026-08-30 16:19:31
129,11,青岛,山东,华东,1379,2026,7,2026-08-30 16:19:31
130,11,成都,四川,西南,2511,2026,7,2026-08-30 16:19:31
131,12,昆明,云南,西南,1708,2026,7,2026-08-30 16:19:31
132,12,郑州,河南,华中,1426,2026,7,2026-08-30 16:19:31
133,12,成都,四川,西南,165,2026,7,2026-08-30 16:19:31
134,12,沈阳,辽宁,东北,2113,2026,7,2026-08-30 16:19:31
135,12,大连,辽宁,东北,2043,2026,7,2026-08-30 16:19:31
136,12,长沙,湖南,华中,1117,2026,7,2026-08-30 16:19:31
137,12,南京,江苏,华东,1560,2026,7,2026-08-30 16:19:31
138,12,苏州,江苏,华东,1043,2026,7,2026-08-30 16:19:31
139,12,杭州,浙江,华东,1311,2026,7,2026-08-30 16:19:31
140,12,上海,上海,华东,321,2026,7,2026-08-30 16:19:31
141,12,宁波,浙江,华东,1607,2026,7,2026-08-30 16:19:31
142,12,西安,陕西,西北,1003,2026,7,2026-08-30 16:19:31
143,12,东莞,广东,华南,2634,2026,7,2026-08-30 16:19:31
144,12,武汉,湖北,华中,701,2026,7,2026-08-30 16:19:31
145,13,重庆,重庆,西南,134,2026,7,2026-08-30 16:19:31
146,13,深圳,广东,华南,742,2026,7,2026-08-30 16:19:31
147,13,青岛,山东,华东,2988,2026,7,2026-08-30 16:19:31
148,13,武汉,湖北,华中,112,2026,7,2026-08-30 16:19:31
149,13,昆明,云南,西南,441,2026,7,2026-08-30 16:19:31
150,13,成都,四川,西南,2573,2026,7,2026-08-30 16:19:31
151,13,宁波,浙江,华东,1637,2026,7,2026-08-30 16:19:31
152,13,东莞,广东,华南,658,2026,7,2026-08-30 16:19:31
153,13,北京,北京,华北,801,2026,7,2026-08-30 16:19:31
154,13,南京,江苏,华东,2722,2026,7,2026-08-30 16:19:31
155,13,沈阳,辽宁,东北,1846,2026,7,2026-08-30 16:19:31
156,14,大连,辽宁,东北,128,2026,7,2026-08-30 16:19:31
157,14,南京,江苏,华东,719,2026,7,2026-08-30 16:19:31
158,14,沈阳,辽宁,东北,1263,2026,7,2026-08-30 16:19:31
159,14,重庆,重庆,西南,1579,2026,7,2026-08-30 16:19:31
160,14,昆明,云南,西南,115,2026,7,2026-08-30 16:19:31
161,14,青岛,山东,华东,626,2026,7,2026-08-30 16:19:31
162,14,长沙,湖南,华中,2706,2026,7,2026-08-30 16:19:31
163,14,广州,广东,华南,2323,2026,7,2026-08-30 16:19:31
164,14,宁波,浙江,华东,1340,2026,7,2026-08-30 16:19:31
165,14,西安,陕西,西北,1611,2026,7,2026-08-30 16:19:31
166,14,郑州,河南,华中,2684,2026,7,2026-08-30 16:19:31
167,14,上海,上海,华东,2317,2026,7,2026-08-30 16:19:31
168,15,西安,陕西,西北,427,2026,7,2026-08-30 16:19:31
169,15,北京,北京,华北,483,2026,7,2026-08-30 16:19:31
170,15,广州,广东,华南,2737,2026,7,2026-08-30 16:19:31
171,15,上海,上海,华东,1209,2026,7,2026-08-30 16:19:31
172,15,东莞,广东,华南,1105,2026,7,2026-08-30 16:19:31
173,15,南京,江苏,华东,1544,2026,7,2026-08-30 16:19:31
174,15,长沙,湖南,华中,2460,2026,7,2026-08-30 16:19:31
175,15,天津,天津,华北,2137,2026,7,2026-08-30 16:19:31
176,15,青岛,山东,华东,544,2026,7,2026-08-30 16:19:31
177,15,杭州,浙江,华东,494,2026,7,2026-08-30 16:19:31
178,15,昆明,云南,西南,1002,2026,7,2026-08-30 16:19:31
179,15,沈阳,辽宁,东北,1949,2026,7,2026-08-30 16:19:31
180,16,南京,江苏,华东,467,2026,7,2026-08-30 16:19:31
181,16,西安,陕西,西北,1221,2026,7,2026-08-30 16:19:31
182,16,成都,四川,西南,734,2026,7,2026-08-30 16:19:31
183,16,广州,广东,华南,2992,2026,7,2026-08-30 16:19:31
184,16,长沙,湖南,华中,457,2026,7,2026-08-30 16:19:31
185,16,苏州,江苏,华东,1512,2026,7,2026-08-30 16:19:31
186,16,重庆,重庆,西南,2249,2026,7,2026-08-30 16:19:31
187,16,东莞,广东,华南,2423,2026,7,2026-08-30 16:19:31
188,16,青岛,山东,华东,821,2026,7,2026-08-30 16:19:31
189,16,深圳,广东,华南,1185,2026,7,2026-08-30 16:19:31
190,16,宁波,浙江,华东,2649,2026,7,2026-08-30 16:19:31
191,17,成都,四川,西南,1834,2026,7,2026-08-30 16:19:31
192,17,东莞,广东,华南,1027,2026,7,2026-08-30 16:19:31
193,17,杭州,浙江,华东,2722,2026,7,2026-08-30 16:19:31
194,17,深圳,广东,华南,2792,2026,7,2026-08-30 16:19:31
195,17,上海,上海,华东,1832,2026,7,2026-08-30 16:19:31
196,17,广州,广东,华南,949,2026,7,2026-08-30 16:19:31
197,17,苏州,江苏,华东,1953,2026,7,2026-08-30 16:19:31
198,17,青岛,山东,华东,256,2026,7,2026-08-30 16:19:31
199,17,昆明,云南,西南,2594,2026,7,2026-08-30 16:19:31
200,17,西安,陕西,西北,1467,2026,7,2026-08-30 16:19:31
201,17,南京,江苏,华东,686,2026,7,2026-08-30 16:19:31
202,17,重庆,重庆,西南,566,2026,7,2026-08-30 16:19:31
203,17,长沙,湖南,华中,1855,2026,7,2026-08-30 16:19:31
204,18,宁波,浙江,华东,486,2026,7,2026-08-30 16:19:31
205,18,深圳,广东,华南,575,2026,7,2026-08-30 16:19:31
206,18,南京,江苏,华东,655,2026,7,2026-08-30 16:19:31
207,18,青岛,山东,华东,2386,2026,7,2026-08-30 16:19:31
208,18,东莞,广东,华南,1305,2026,7,2026-08-30 16:19:31
209,18,上海,上海,华东,1519,2026,7,2026-08-30 16:19:31
210,18,成都,四川,西南,2180,2026,7,2026-08-30 16:19:31
211,18,武汉,湖北,华中,1846,2026,7,2026-08-30 16:19:31
212,18,昆明,云南,西南,1546,2026,7,2026-08-30 16:19:31
213,18,西安,陕西,西北,1388,2026,7,2026-08-30 16:19:31
214,18,杭州,浙江,华东,214,2026,7,2026-08-30 16:19:31
215,18,广州,广东,华南,697,2026,7,2026-08-30 16:19:31
216,18,天津,天津,华北,1089,2026,7,2026-08-30 16:19:31
217,18,重庆,重庆,西南,2361,2026,7,2026-08-30 16:19:31
218,18,沈阳,辽宁,东北,1357,2026,7,2026-08-30 16:19:31
219,19,昆明,云南,西南,2054,2026,7,2026-08-30 16:19:31
220,19,西安,陕西,西北,543,2026,7,2026-08-30 16:19:31
221,19,南京,江苏,华东,2509,2026,7,2026-08-30 16:19:31
222,19,苏州,江苏,华东,2968,2026,7,2026-08-30 16:19:31
223,19,东莞,广东,华南,2293,2026,7,2026-08-30 16:19:31
224,19,武汉,湖北,华中,2346,2026,7,2026-08-30 16:19:31
225,19,重庆,重庆,西南,813,2026,7,2026-08-30 16:19:31
226,19,长沙,湖南,华中,1715,2026,7,2026-08-30 16:19:31
227,19,北京,北京,华北,2983,2026,7,2026-08-30 16:19:31
228,19,青岛,山东,华东,2885,2026,7,2026-08-30 16:19:31
229,20,杭州,浙江,华东,2567,2026,7,2026-08-30 16:19:31
230,20,长沙,湖南,华中,2927,2026,7,2026-08-30 16:19:31
231,20,东莞,广东,华南,1840,2026,7,2026-08-30 16:19:31
232,20,青岛,山东,华东,242,2026,7,2026-08-30 16:19:31
233,20,大连,辽宁,东北,2245,2026,7,2026-08-30 16:19:31
234,20,北京,北京,华北,2615,2026,7,2026-08-30 16:19:31
235,20,武汉,湖北,华中,1842,2026,7,2026-08-30 16:19:31
236,20,郑州,河南,华中,2139,2026,7,2026-08-30 16:19:31
237,20,广州,广东,华南,1687,2026,7,2026-08-30 16:19:31
238,20,上海,上海,华东,2723,2026,7,2026-08-30 16:19:31
239,20,苏州,江苏,华东,893,2026,7,2026-08-30 16:19:31
240,20,天津,天津,华北,3000,2026,7,2026-08-30 16:19:31
241,21,深圳,广东,华南,349,2026,7,2026-08-30 16:19:31
242,21,大连,辽宁,东北,1318,2026,7,2026-08-30 16:19:31
243,21,青岛,山东,华东,2872,2026,7,2026-08-30 16:19:31
244,21,天津,天津,华北,2805,2026,7,2026-08-30 16:19:31
245,21,上海,上海,华东,732,2026,7,2026-08-30 16:19:31
246,21,昆明,云南,西南,2413,2026,7,2026-08-30 16:19:31
247,21,宁波,浙江,华东,694,2026,7,2026-08-30 16:19:31
248,21,郑州,河南,华中,880,2026,7,2026-08-30 16:19:31
249,21,长沙,湖南,华中,2440,2026,7,2026-08-30 16:19:31
250,21,杭州,浙江,华东,114,2026,7,2026-08-30 16:19:31
251,21,苏州,江苏,华东,860,2026,7,2026-08-30 16:19:31
252,21,西安,陕西,西北,1417,2026,7,2026-08-30 16:19:31
253,21,东莞,广东,华南,1946,2026,7,2026-08-30 16:19:31
254,21,重庆,重庆,西南,1079,2026,7,2026-08-30 16:19:31
255,21,沈阳,辽宁,东北,1778,2026,7,2026-08-30 16:19:31
256,22,深圳,广东,华南,1902,2026,7,2026-08-30 16:19:31
257,22,东莞,广东,华南,1433,2026,7,2026-08-30 16:19:31
258,22,苏州,江苏,华东,1952,2026,7,2026-08-30 16:19:31
259,22,北京,北京,华北,627,2026,7,2026-08-30 16:19:31
260,22,郑州,河南,华中,554,2026,7,2026-08-30 16:19:31
261,22,重庆,重庆,西南,2805,2026,7,2026-08-30 16:19:31
262,22,沈阳,辽宁,东北,846,2026,7,2026-08-30 16:19:31
263,22,广州,广东,华南,1707,2026,7,2026-08-30 16:19:31
264,22,上海,上海,华东,2511,2026,7,2026-08-30 16:19:31
265,22,南京,江苏,华东,1997,2026,7,2026-08-30 16:19:31
266,22,成都,四川,西南,2947,2026,7,2026-08-30 16:19:31
267,22,长沙,湖南,华中,1959,2026,7,2026-08-30 16:19:31
268,22,武汉,湖北,华中,2171,2026,7,2026-08-30 16:19:31
269,22,青岛,山东,华东,884,2026,7,2026-08-30 16:19:31
270,22,杭州,浙江,华东,2218,2026,7,2026-08-30 16:19:31
271,23,成都,四川,西南,2622,2026,7,2026-08-30 16:19:31
272,23,昆明,云南,西南,1119,2026,7,2026-08-30 16:19:31
273,23,苏州,江苏,华东,823,2026,7,2026-08-30 16:19:31
274,23,南京,江苏,华东,1905,2026,7,2026-08-30 16:19:31
275,23,西安,陕西,西北,2629,2026,7,2026-08-30 16:19:31
276,23,长沙,湖南,华中,1978,2026,7,2026-08-30 16:19:31
277,23,上海,上海,华东,738,2026,7,2026-08-30 16:19:31
278,23,天津,天津,华北,2748,2026,7,2026-08-30 16:19:31
279,23,青岛,山东,华东,1331,2026,7,2026-08-30 16:19:31
280,23,杭州,浙江,华东,2993,2026,7,2026-08-30 16:19:31
281,23,广州,广东,华南,2798,2026,7,2026-08-30 16:19:31
282,23,东莞,广东,华南,814,2026,7,2026-08-30 16:19:31
283,23,大连,辽宁,东北,408,2026,7,2026-08-30 16:19:31
284,23,郑州,河南,华中,2849,2026,7,2026-08-30 16:19:31
285,23,宁波,浙江,华东,942,2026,7,2026-08-30 16:19:31
286,24,昆明,云南,西南,2207,2026,7,2026-08-30 16:19:31
287,24,武汉,湖北,华中,2497,2026,7,2026-08-30 16:19:31
288,24,北京,北京,华北,1596,2026,7,2026-08-30 16:19:31
289,24,青岛,山东,华东,2191,2026,7,2026-08-30 16:19:31
290,24,深圳,广东,华南,1939,2026,7,2026-08-30 16:19:31
291,24,重庆,重庆,西南,743,2026,7,2026-08-30 16:19:31
292,24,宁波,浙江,华东,2674,2026,7,2026-08-30 16:19:31
293,24,苏州,江苏,华东,731,2026,7,2026-08-30 16:19:31
294,24,大连,辽宁,东北,2422,2026,7,2026-08-30 16:19:31
295,24,西安,陕西,西北,1931,2026,7,2026-08-30 16:19:31
296,24,天津,天津,华北,2320,2026,7,2026-08-30 16:19:31
297,24,东莞,广东,华南,1631,2026,7,2026-08-30 16:19:31
298,24,沈阳,辽宁,东北,892,2026,7,2026-08-30 16:19:31
299,24,成都,四川,西南,811,2026,7,2026-08-30 16:19:31
300,24,长沙,湖南,华中,1813,2026,7,2026-08-30 16:19:31
301,25,重庆,重庆,西南,2053,2026,7,2026-08-30 16:19:31
302,25,深圳,广东,华南,2984,2026,7,2026-08-30 16:19:31
303,25,南京,江苏,华东,2817,2026,7,2026-08-30 16:19:31
304,25,武汉,湖北,华中,1871,2026,7,2026-08-30 16:19:31
305,25,广州,广东,华南,518,2026,7,2026-08-30 16:19:31
306,25,杭州,浙江,华东,1301,2026,7,2026-08-30 16:19:31
307,25,东莞,广东,华南,676,2026,7,2026-08-30 16:19:31
308,25,苏州,江苏,华东,1378,2026,7,2026-08-30 16:19:31
309,25,上海,上海,华东,1446,2026,7,2026-08-30 16:19:31
310,25,昆明,云南,西南,246,2026,7,2026-08-30 16:19:31
311,25,西安,陕西,西北,1457,2026,7,2026-08-30 16:19:31
312,25,郑州,河南,华中,1276,2026,7,2026-08-30 16:19:31
313,25,沈阳,辽宁,东北,648,2026,7,2026-08-30 16:19:31
314,25,成都,四川,西南,2758,2026,7,2026-08-30 16:19:31
315,26,苏州,江苏,华东,1901,2026,7,2026-08-30 16:19:31
316,26,大连,辽宁,东北,1258,2026,7,2026-08-30 16:19:31
317,26,重庆,重庆,西南,1301,2026,7,2026-08-30 16:19:31
318,26,上海,上海,华东,587,2026,7,2026-08-30 16:19:31
319,26,北京,北京,华北,2585,2026,7,2026-08-30 16:19:31
320,26,成都,四川,西南,2872,2026,7,2026-08-30 16:19:31
321,26,南京,江苏,华东,1292,2026,7,2026-08-30 16:19:31
322,26,武汉,湖北,华中,1668,2026,7,2026-08-30 16:19:31
323,26,沈阳,辽宁,东北,2187,2026,7,2026-08-30 16:19:31
324,26,东莞,广东,华南,2257,2026,7,2026-08-30 16:19:31
325,26,西安,陕西,西北,588,2026,7,2026-08-30 16:19:31
326,26,广州,广东,华南,1969,2026,7,2026-08-30 16:19:31
327,26,郑州,河南,华中,1719,2026,7,2026-08-30 16:19:31
328,26,昆明,云南,西南,355,2026,7,2026-08-30 16:19:31
329,26,杭州,浙江,华东,1211,2026,7,2026-08-30 16:19:31
330,27,北京,北京,华北,1004,2026,7,2026-08-30 16:19:31
331,27,东莞,广东,华南,1020,2026,7,2026-08-30 16:19:31
332,27,昆明,云南,西南,2521,2026,7,2026-08-30 16:19:31
333,27,郑州,河南,华中,758,2026,7,2026-08-30 16:19:31
334,27,成都,四川,西南,2286,2026,7,2026-08-30 16:19:31
335,27,沈阳,辽宁,东北,1960,2026,7,2026-08-30 16:19:31
336,27,天津,天津,华北,2410,2026,7,2026-08-30 16:19:31
337,27,长沙,湖南,华中,2218,2026,7,2026-08-30 16:19:31
338,27,杭州,浙江,华东,1356,2026,7,2026-08-30 16:19:31
339,27,广州,广东,华南,2347,2026,7,2026-08-30 16:19:31
340,27,南京,江苏,华东,2740,2026,7,2026-08-30 16:19:31
341,27,武汉,湖北,华中,659,2026,7,2026-08-30 16:19:31
342,27,苏州,江苏,华东,498,2026,7,2026-08-30 16:19:31
343,27,大连,辽宁,东北,2448,2026,7,2026-08-30 16:19:31
344,27,青岛,山东,华东,1446,2026,7,2026-08-30 16:19:31
345,28,杭州,浙江,华东,1677,2026,7,2026-08-30 16:19:31
346,28,南京,江苏,华东,2190,2026,7,2026-08-30 16:19:31
347,28,成都,四川,西南,2132,2026,7,2026-08-30 16:19:31
348,28,广州,广东,华南,2695,2026,7,2026-08-30 16:19:31
349,28,苏州,江苏,华东,1425,2026,7,2026-08-30 16:19:31
350,28,上海,上海,华东,2326,2026,7,2026-08-30 16:19:31
351,28,大连,辽宁,东北,921,2026,7,2026-08-30 16:19:31
352,28,天津,天津,华北,444,2026,7,2026-08-30 16:19:31
353,28,宁波,浙江,华东,1572,2026,7,2026-08-30 16:19:31
354,28,青岛,山东,华东,2671,2026,7,2026-08-30 16:19:31
355,28,重庆,重庆,西南,2562,2026,7,2026-08-30 16:19:31
356,28,深圳,广东,华南,2869,2026,7,2026-08-30 16:19:31
357,28,武汉,湖北,华中,1195,2026,7,2026-08-30 16:19:31
358,28,西安,陕西,西北,1102,2026,7,2026-08-30 16:19:31
359,28,昆明,云南,西南,877,2026,7,2026-08-30 16:19:31
360,29,广州,广东,华南,1857,2026,7,2026-08-30 16:19:31
361,29,沈阳,辽宁,东北,534,2026,7,2026-08-30 16:19:31
362,29,上海,上海,华东,914,2026,7,2026-08-30 16:19:31
363,29,武汉,湖北,华中,2013,2026,7,2026-08-30 16:19:31
364,29,西安,陕西,西北,1723,2026,7,2026-08-30 16:19:31
365,29,苏州,江苏,华东,737,2026,7,2026-08-30 16:19:31
366,29,成都,四川,西南,2058,2026,7,2026-08-30 16:19:31
367,29,长沙,湖南,华中,2710,2026,7,2026-08-30 16:19:31
368,29,宁波,浙江,华东,2938,2026,7,2026-08-30 16:19:31
369,29,北京,北京,华北,501,2026,7,2026-08-30 16:19:31
370,29,东莞,广东,华南,1867,2026,7,2026-08-30 16:19:31
371,29,杭州,浙江,华东,1508,2026,7,2026-08-30 16:19:31
372,29,青岛,山东,华东,2299,2026,7,2026-08-30 16:19:31
373,29,郑州,河南,华中,2252,2026,7,2026-08-30 16:19:31
374,29,天津,天津,华北,684,2026,7,2026-08-30 16:19:31
375,30,沈阳,辽宁,东北,1752,2026,7,2026-08-30 16:19:31
376,30,重庆,重庆,西南,2395,2026,7,2026-08-30 16:19:31
377,30,天津,天津,华北,1611,2026,7,2026-08-30 16:19:31
378,30,成都,四川,西南,1410,2026,7,2026-08-30 16:19:31
379,30,东莞,广东,华南,1884,2026,7,2026-08-30 16:19:31
380,30,大连,辽宁,东北,779,2026,7,2026-08-30 16:19:31
381,30,昆明,云南,西南,2332,2026,7,2026-08-30 16:19:31
382,30,广州,广东,华南,850,2026,7,2026-08-30 16:19:31
383,30,青岛,山东,华东,1656,2026,7,2026-08-30 16:19:31
384,30,郑州,河南,华中,1474,2026,7,2026-08-30 16:19:31
385,30,上海,上海,华东,2378,2026,7,2026-08-30 16:19:31
386,30,苏州,江苏,华东,471,2026,7,2026-08-30 16:19:31
387,30,杭州,浙江,华东,2373,2026,7,2026-08-30 16:19:31
388,30,南京,江苏,华东,2281,2026,7,2026-08-30 16:19:31
389,31,昆明,云南,西南,1885,2026,7,2026-08-30 16:19:31
390,31,宁波,浙江,华东,2965,2026,7,2026-08-30 16:19:31
391,31,天津,天津,华北,1355,2026,7,2026-08-30 16:19:31
392,31,青岛,山东,华东,416,2026,7,2026-08-30 16:19:31
393,31,郑州,河南,华中,980,2026,7,2026-08-30 16:19:31
394,31,北京,北京,华北,2511,2026,7,2026-08-30 16:19:31
395,31,重庆,重庆,西南,1100,2026,7,2026-08-30 16:19:31
396,31,杭州,浙江,华东,936,2026,7,2026-08-30 16:19:31
397,31,成都,四川,西南,2084,2026,7,2026-08-30 16:19:31
398,31,苏州,江苏,华东,1399,2026,7,2026-08-30 16:19:31
399,31,南京,江苏,华东,2242,2026,7,2026-08-30 16:19:31
400,31,沈阳,辽宁,东北,808,2026,7,2026-08-30 16:19:31
401,32,北京,北京,华北,2596,2026,7,2026-08-30 16:19:31
402,32,重庆,重庆,西南,462,2026,7,2026-08-30 16:19:31
403,32,大连,辽宁,东北,2517,2026,7,2026-08-30 16:19:31
404,32,西安,陕西,西北,1553,2026,7,2026-08-30 16:19:31
405,32,东莞,广东,华南,2129,2026,7,2026-08-30 16:19:31
406,32,武汉,湖北,华中,1595,2026,7,2026-08-30 16:19:31
407,32,广州,广东,华南,837,2026,7,2026-08-30 16:19:31
408,32,昆明,云南,西南,2733,2026,7,2026-08-30 16:19:31
409,32,成都,四川,西南,2898,2026,7,2026-08-30 16:19:31
410,32,深圳,广东,华南,1556,2026,7,2026-08-30 16:19:31
411,32,苏州,江苏,华东,2760,2026,7,2026-08-30 16:19:31
412,32,南京,江苏,华东,278,2026,7,2026-08-30 16:19:31
413,33,昆明,云南,西南,2559,2026,7,2026-08-30 16:19:31
414,33,大连,辽宁,东北,1524,2026,7,2026-08-30 16:19:31
415,33,天津,天津,华北,753,2026,7,2026-08-30 16:19:31
416,33,沈阳,辽宁,东北,696,2026,7,2026-08-30 16:19:31
417,33,青岛,山东,华东,761,2026,7,2026-08-30 16:19:31
418,33,武汉,湖北,华中,1381,2026,7,2026-08-30 16:19:31
419,33,上海,上海,华东,1150,2026,7,2026-08-30 16:19:31
420,33,东莞,广东,华南,589,2026,7,2026-08-30 16:19:31
421,33,成都,四川,西南,1759,2026,7,2026-08-30 16:19:31
422,33,长沙,湖南,华中,1153,2026,7,2026-08-30 16:19:31
423,33,深圳,广东,华南,2619,2026,7,2026-08-30 16:19:31
424,33,杭州,浙江,华东,946,2026,7,2026-08-30 16:19:31
425,33,重庆,重庆,西南,1771,2026,7,2026-08-30 16:19:31
426,34,大连,辽宁,东北,330,2026,7,2026-08-30 16:19:31
427,34,上海,上海,华东,2816,2026,7,2026-08-30 16:19:31
428,34,长沙,湖南,华中,2042,2026,7,2026-08-30 16:19:31
429,34,南京,江苏,华东,2251,2026,7,2026-08-30 16:19:31
430,34,重庆,重庆,西南,1964,2026,7,2026-08-30 16:19:31
431,34,成都,四川,西南,1755,2026,7,2026-08-30 16:19:31
432,34,沈阳,辽宁,东北,1379,2026,7,2026-08-30 16:19:31
433,34,青岛,山东,华东,2576,2026,7,2026-08-30 16:19:31
434,34,深圳,广东,华南,796,2026,7,2026-08-30 16:19:31
435,34,杭州,浙江,华东,868,2026,7,2026-08-30 16:19:31
436,34,西安,陕西,西北,1471,2026,7,2026-08-30 16:19:31
437,34,昆明,云南,西南,2868,2026,7,2026-08-30 16:19:31
438,34,郑州,河南,华中,2614,2026,7,2026-08-30 16:19:31
439,34,宁波,浙江,华东,1079,2026,7,2026-08-30 16:19:31
440,35,昆明,云南,西南,2301,2026,7,2026-08-30 16:19:31
441,35,武汉,湖北,华中,1620,2026,7,2026-08-30 16:19:31
442,35,大连,辽宁,东北,1825,2026,7,2026-08-30 16:19:31
443,35,苏州,江苏,华东,2877,2026,7,2026-08-30 16:19:31
444,35,上海,上海,华东,333,2026,7,2026-08-30 16:19:31
445,35,南京,江苏,华东,2793,2026,7,2026-08-30 16:19:31
446,35,郑州,河南,华中,1589,2026,7,2026-08-30 16:19:31
447,35,杭州,浙江,华东,2695,2026,7,2026-08-30 16:19:31
448,35,青岛,山东,华东,970,2026,7,2026-08-30 16:19:31
449,35,东莞,广东,华南,167,2026,7,2026-08-30 16:19:31
450,35,北京,北京,华北,2198,2026,7,2026-08-30 16:19:31
451,35,西安,陕西,西北,2997,2026,7,2026-08-30 16:19:31
452,35,深圳,广东,华南,636,2026,7,2026-08-30 16:19:31
453,35,长沙,湖南,华中,900,2026,7,2026-08-30 16:19:31
454,36,昆明,云南,西南,202,2026,7,2026-08-30 16:19:31
455,36,重庆,重庆,西南,497,2026,7,2026-08-30 16:19:31
456,36,天津,天津,华北,2735,2026,7,2026-08-30 16:19:31
457,36,西安,陕西,西北,2794,2026,7,2026-08-30 16:19:31
458,36,广州,广东,华南,2386,2026,7,2026-08-30 16:19:31
459,36,苏州,江苏,华东,2945,2026,7,2026-08-30 16:19:31
460,36,上海,上海,华东,597,2026,7,2026-08-30 16:19:31
461,36,北京,北京,华北,102,2026,7,2026-08-30 16:19:31
462,36,成都,四川,西南,1283,2026,7,2026-08-30 16:19:31
463,36,东莞,广东,华南,823,2026,7,2026-08-30 16:19:31
464,37,广州,广东,华南,1521,2026,7,2026-08-30 16:19:31
465,37,沈阳,辽宁,东北,2955,2026,7,2026-08-30 16:19:31
466,37,天津,天津,华北,2929,2026,7,2026-08-30 16:19:31
467,37,武汉,湖北,华中,2554,2026,7,2026-08-30 16:19:31
468,37,重庆,重庆,西南,1751,2026,7,2026-08-30 16:19:31
469,37,南京,江苏,华东,2776,2026,7,2026-08-30 16:19:31
470,37,深圳,广东,华南,2636,2026,7,2026-08-30 16:19:31
471,37,北京,北京,华北,2129,2026,7,2026-08-30 16:19:31
472,37,宁波,浙江,华东,1953,2026,7,2026-08-30 16:19:31
473,37,上海,上海,华东,565,2026,7,2026-08-30 16:19:31
474,37,杭州,浙江,华东,2475,2026,7,2026-08-30 16:19:31
475,37,西安,陕西,西北,1336,2026,7,2026-08-30 16:19:31
476,37,昆明,云南,西南,287,2026,7,2026-08-30 16:19:31
477,37,青岛,山东,华东,2675,2026,7,2026-08-30 16:19:31
478,37,郑州,河南,华中,2889,2026,7,2026-08-30 16:19:31
479,38,南京,江苏,华东,1378,2026,7,2026-08-30 16:19:31
480,38,郑州,河南,华中,422,2026,7,2026-08-30 16:19:31
481,38,北京,北京,华北,2754,2026,7,2026-08-30 16:19:31
482,38,苏州,江苏,华东,1601,2026,7,2026-08-30 16:19:31
483,38,上海,上海,华东,2552,2026,7,2026-08-30 16:19:31
484,38,天津,天津,华北,2030,2026,7,2026-08-30 16:19:31
485,38,广州,广东,华南,2046,2026,7,2026-08-30 16:19:31
486,38,青岛,山东,华东,309,2026,7,2026-08-30 16:19:31
487,38,成都,四川,西南,2954,2026,7,2026-08-30 16:19:31
488,38,东莞,广东,华南,422,2026,7,2026-08-30 16:19:31
489,38,昆明,云南,西南,1665,2026,7,2026-08-30 16:19:31
490,38,宁波,浙江,华东,1132,2026,7,2026-08-30 16:19:31
491,38,西安,陕西,西北,2189,2026,7,2026-08-30 16:19:31
492,39,苏州,江苏,华东,903,2026,7,2026-08-30 16:19:31
493,39,上海,上海,华东,139,2026,7,2026-08-30 16:19:31
494,39,南京,江苏,华东,189,2026,7,2026-08-30 16:19:31
495,39,成都,四川,西南,2876,2026,7,2026-08-30 16:19:31
496,39,沈阳,辽宁,东北,1608,2026,7,2026-08-30 16:19:31
497,39,昆明,云南,西南,2413,2026,7,2026-08-30 16:19:31
498,39,西安,陕西,西北,1486,2026,7,2026-08-30 16:19:31
499,39,东莞,广东,华南,2753,2026,7,2026-08-30 16:19:31
500,39,长沙,湖南,华中,731,2026,7,2026-08-30 16:19:31
501,39,天津,天津,华北,1443,2026,7,2026-08-30 16:19:31
502,39,杭州,浙江,华东,341,2026,7,2026-08-30 16:19:31
503,39,深圳,广东,华南,2498,2026,7,2026-08-30 16:19:31
504,39,大连,辽宁,东北,213,2026,7,2026-08-30 16:19:31
505,40,广州,广东,华南,934,2026,7,2026-08-30 16:19:31
506,40,重庆,重庆,西南,2103,2026,7,2026-08-30 16:19:31
507,40,长沙,湖南,华中,2922,2026,7,2026-08-30 16:19:31
508,40,青岛,山东,华东,2201,2026,7,2026-08-30 16:19:31
509,40,宁波,浙江,华东,1350,2026,7,2026-08-30 16:19:31
510,40,深圳,广东,华南,1188,2026,7,2026-08-30 16:19:31
511,40,成都,四川,西南,1799,2026,7,2026-08-30 16:19:31
512,40,南京,江苏,华东,1011,2026,7,2026-08-30 16:19:31
513,40,昆明,云南,西南,2260,2026,7,2026-08-30 16:19:31
514,40,武汉,湖北,华中,1368,2026,7,2026-08-30 16:19:31
515,40,大连,辽宁,东北,2536,2026,7,2026-08-30 16:19:31
516,40,西安,陕西,西北,2374,2026,7,2026-08-30 16:19:31
517,40,苏州,江苏,华东,498,2026,7,2026-08-30 16:19:31
518,40,天津,天津,华北,223,2026,7,2026-08-30 16:19:31
519,40,东莞,广东,华南,2207,2026,7,2026-08-30 16:19:31
520,41,宁波,浙江,华东,2030,2026,7,2026-08-30 16:19:31
521,41,重庆,重庆,西南,1458,2026,7,2026-08-30 16:19:31
522,41,广州,广东,华南,2782,2026,7,2026-08-30 16:19:31
523,41,西安,陕西,西北,1552,2026,7,2026-08-30 16:19:31
524,41,沈阳,辽宁,东北,118,2026,7,2026-08-30 16:19:31
525,41,苏州,江苏,华东,1167,2026,7,2026-08-30 16:19:31
526,41,南京,江苏,华东,138,2026,7,2026-08-30 16:19:31
527,41,武汉,湖北,华中,2964,2026,7,2026-08-30 16:19:31
528,41,东莞,广东,华南,654,2026,7,2026-08-30 16:19:31
529,41,天津,天津,华北,2538,2026,7,2026-08-30 16:19:31
530,42,苏州,江苏,华东,2013,2026,7,2026-08-30 16:19:31
531,42,广州,广东,华南,2905,2026,7,2026-08-30 16:19:31
532,42,成都,四川,西南,2497,2026,7,2026-08-30 16:19:31
533,42,深圳,广东,华南,338,2026,7,2026-08-30 16:19:31
534,42,上海,上海,华东,1748,2026,7,2026-08-30 16:19:31
535,42,大连,辽宁,东北,2743,2026,7,2026-08-30 16:19:31
536,42,重庆,重庆,西南,1166,2026,7,2026-08-30 16:19:31
537,42,宁波,浙江,华东,1176,2026,7,2026-08-30 16:19:31
538,42,沈阳,辽宁,东北,314,2026,7,2026-08-30 16:19:31
539,42,武汉,湖北,华中,1358,2026,7,2026-08-30 16:19:31
540,42,东莞,广东,华南,211,2026,7,2026-08-30 16:19:31
541,43,郑州,河南,华中,1512,2026,7,2026-08-30 16:19:31
542,43,沈阳,辽宁,东北,891,2026,7,2026-08-30 16:19:31
543,43,深圳,广东,华南,2741,2026,7,2026-08-30 16:19:31
544,43,北京,北京,华北,274,2026,7,2026-08-30 16:19:31
545,43,杭州,浙江,华东,1988,2026,7,2026-08-30 16:19:31
546,43,成都,四川,西南,1558,2026,7,2026-08-30 16:19:31
547,43,天津,天津,华北,2837,2026,7,2026-08-30 16:19:31
548,43,武汉,湖北,华中,2776,2026,7,2026-08-30 16:19:31
549,43,上海,上海,华东,2076,2026,7,2026-08-30 16:19:31
550,43,东莞,广东,华南,658,2026,7,2026-08-30 16:19:31
551,43,西安,陕西,西北,1098,2026,7,2026-08-30 16:19:31
552,43,宁波,浙江,华东,782,2026,7,2026-08-30 16:19:31
553,43,南京,江苏,华东,728,2026,7,2026-08-30 16:19:31
554,43,青岛,山东,华东,1930,2026,7,2026-08-30 16:19:31
555,44,武汉,湖北,华中,2536,2026,7,2026-08-30 16:19:31
556,44,苏州,江苏,华东,2741,2026,7,2026-08-30 16:19:31
557,44,北京,北京,华北,343,2026,7,2026-08-30 16:19:31
558,44,昆明,云南,西南,501,2026,7,2026-08-30 16:19:31
559,44,郑州,河南,华中,1443,2026,7,2026-08-30 16:19:31
560,44,杭州,浙江,华东,346,2026,7,2026-08-30 16:19:31
561,44,天津,天津,华北,681,2026,7,2026-08-30 16:19:31
562,44,深圳,广东,华南,1513,2026,7,2026-08-30 16:19:31
563,44,大连,辽宁,东北,2177,2026,7,2026-08-30 16:19:31
564,44,成都,四川,西南,1398,2026,7,2026-08-30 16:19:31
565,44,广州,广东,华南,832,2026,7,2026-08-30 16:19:31
566,44,长沙,湖南,华中,1356,2026,7,2026-08-30 16:19:31
567,44,上海,上海,华东,1944,2026,7,2026-08-30 16:19:31
568,44,重庆,重庆,西南,2792,2026,7,2026-08-30 16:19:31
569,45,苏州,江苏,华东,1307,2026,7,2026-08-30 16:19:31
570,45,成都,四川,西南,2647,2026,7,2026-08-30 16:19:31
571,45,天津,天津,华北,310,2026,7,2026-08-30 16:19:31
572,45,重庆,重庆,西南,959,2026,7,2026-08-30 16:19:31
573,45,南京,江苏,华东,2785,2026,7,2026-08-30 16:19:31
574,45,杭州,浙江,华东,1070,2026,7,2026-08-30 16:19:31
575,45,青岛,山东,华东,472,2026,7,2026-08-30 16:19:31
576,45,长沙,湖南,华中,2955,2026,7,2026-08-30 16:19:31
577,45,东莞,广东,华南,2093,2026,7,2026-08-30 16:19:31
578,45,宁波,浙江,华东,2697,2026,7,2026-08-30 16:19:31
579,46,东莞,广东,华南,456,2026,7,2026-08-30 16:19:31
580,46,成都,四川,西南,1122,2026,7,2026-08-30 16:19:31
581,46,深圳,广东,华南,2406,2026,7,2026-08-30 16:19:31
582,46,上海,上海,华东,1586,2026,7,2026-08-30 16:19:31
583,46,郑州,河南,华中,131,2026,7,2026-08-30 16:19:31
584,46,天津,天津,华北,1048,2026,7,2026-08-30 16:19:31
585,46,青岛,山东,华东,1834,2026,7,2026-08-30 16:19:31
586,46,昆明,云南,西南,2698,2026,7,2026-08-30 16:19:31
587,46,广州,广东,华南,2811,2026,7,2026-08-30 16:19:31
588,46,南京,江苏,华东,844,2026,7,2026-08-30 16:19:31
589,46,武汉,湖北,华中,271,2026,7,2026-08-30 16:19:31
590,46,西安,陕西,西北,1905,2026,7,2026-08-30 16:19:31
591,46,苏州,江苏,华东,2486,2026,7,2026-08-30 16:19:31
592,46,沈阳,辽宁,东北,2127,2026,7,2026-08-30 16:19:31
593,47,西安,陕西,西北,2985,2026,7,2026-08-30 16:19:31
594,47,昆明,云南,西南,644,2026,7,2026-08-30 16:19:31
595,47,北京,北京,华北,1650,2026,7,2026-08-30 16:19:31
596,47,上海,上海,华东,1498,2026,7,2026-08-30 16:19:31
597,47,广州,广东,华南,2103,2026,7,2026-08-30 16:19:31
598,47,深圳,广东,华南,264,2026,7,2026-08-30 16:19:31
599,47,武汉,湖北,华中,2800,2026,7,2026-08-30 16:19:31
600,47,天津,天津,华北,2834,2026,7,2026-08-30 16:19:31
601,47,苏州,江苏,华东,1570,2026,7,2026-08-30 16:19:31
602,47,成都,四川,西南,1709,2026,7,2026-08-30 16:19:31
603,48,上海,上海,华东,1563,2026,7,2026-08-30 16:19:31
604,48,沈阳,辽宁,东北,1534,2026,7,2026-08-30 16:19:31
605,48,长沙,湖南,华中,136,2026,7,2026-08-30 16:19:31
606,48,深圳,广东,华南,748,2026,7,2026-08-30 16:19:31
607,48,杭州,浙江,华东,132,2026,7,2026-08-30 16:19:31
608,48,天津,天津,华北,2344,2026,7,2026-08-30 16:19:31
609,48,广州,广东,华南,2923,2026,7,2026-08-30 16:19:31
610,48,宁波,浙江,华东,1541,2026,7,2026-08-30 16:19:31
611,48,大连,辽宁,东北,2666,2026,7,2026-08-30 16:19:31
612,48,西安,陕西,西北,1430,2026,7,2026-08-30 16:19:31
613,48,苏州,江苏,华东,449,2026,7,2026-08-30 16:19:31
614,48,南京,江苏,华东,209,2026,7,2026-08-30 16:19:31
615,48,昆明,云南,西南,1923,2026,7,2026-08-30 16:19:31
616,48,成都,四川,西南,1599,2026,7,2026-08-30 16:19:31
617,48,郑州,河南,华中,1561,2026,7,2026-08-30 16:19:31
618,49,沈阳,辽宁,东北,1183,2026,7,2026-08-30 16:19:31
619,49,成都,四川,西南,1834,2026,7,2026-08-30 16:19:31
620,49,东莞,广东,华南,2106,2026,7,2026-08-30 16:19:31
621,49,天津,天津,华北,993,2026,7,2026-08-30 16:19:31
622,49,苏州,江苏,华东,884,2026,7,2026-08-30 16:19:31
623,49,郑州,河南,华中,801,2026,7,2026-08-30 16:19:31
624,49,昆明,云南,西南,344,2026,7,2026-08-30 16:19:31
625,49,大连,辽宁,东北,2152,2026,7,2026-08-30 16:19:31
626,49,西安,陕西,西北,1982,2026,7,2026-08-30 16:19:31
627,49,杭州,浙江,华东,1503,2026,7,2026-08-30 16:19:31
628,50,青岛,山东,华东,2806,2026,7,2026-08-30 16:19:31
629,50,郑州,河南,华中,2385,2026,7,2026-08-30 16:19:31
630,50,武汉,湖北,华中,975,2026,7,2026-08-30 16:19:31
631,50,成都,四川,西南,429,2026,7,2026-08-30 16:19:31
632,50,长沙,湖南,华中,464,2026,7,2026-08-30 16:19:31
633,50,上海,上海,华东,1986,2026,7,2026-08-30 16:19:31
634,50,苏州,江苏,华东,2350,2026,7,2026-08-30 16:19:31
635,50,广州,广东,华南,2139,2026,7,2026-08-30 16:19:31
636,50,宁波,浙江,华东,2046,2026,7,2026-08-30 16:19:31
637,50,昆明,云南,西南,1436,2026,7,2026-08-30 16:19:31
638,50,杭州,浙江,华东,2709,2026,7,2026-08-30 16:19:31
639,50,深圳,广东,华南,1176,2026,7,2026-08-30 16:19:31
640,50,东莞,广东,华南,2396,2026,7,2026-08-30 16:19:31
641,50,南京,江苏,华东,2017,2026,7,2026-08-30 16:19:31
642,50,西安,陕西,西北,2838,2026,7,2026-08-30 16:19:31
